{
  "h2": {
    "x": 103,
    "y": 126.265625,
    "width": 147.59375,
    "height": 13.46875,
    "right": 250.59375,
    "left": 103,
    "top": 126.265625,
    "bottom": 139.734375
  },
  "actions": {
    "x": 257.59375,
    "y": 118,
    "width": 152.40625,
    "height": 30,
    "right": 410,
    "left": 257.59375,
    "top": 118,
    "bottom": 148
  },
  "overlap": false,
  "symptomGrids": 0,
  "openNotePanels": 0
}